{
  "heterogenous": {
    "C": [
      100e-12,
      200e-12
    ],
    "g_l": [
      10e-9,
      18e-9
    ],
    "V_l": [
      -58e-3,
      -70e-3
    ],
    "V_t": -50e-3,
    "a": [
      -11.0e-9,
      4.0e-9
    ],
    "tau_w": [
      30e-3,
      300e-3
    ],
    "b": [
      0.0,
      120e-12
    ],
    "V_rheo": [
      -46e-3,
      -58e-3
    ],
    "delta_t": 2e-3,
    "initial_inputs": {
      "w_in": [
        0.2e-09,
        2e-09
      ],
      "bias_in": 100e-12,
      "sigma": 3.0e-9
    }
  },
  "regular": {
    "C": 200e-12,
    "g_l": 10e-9,
    "V_l": -70e-3,
    "a": [
      1.9e-09,
      2.1e-9
    ],
    "tau_w": [
      27e-3,
      33e-3
    ],
    "b": 0e-12,
    "V_rheo": -58e-3,
    "delta_t": 2e-3,
    "initial_inputs": {
      "w_in": [
        0.20e-08,
        2.0e-08
      ],
      "bias_in": 500e-12,
      "sigma": 3.0e-9
    }
  },
  "adaption": {
    "C": 200e-12,
    "g_l": 12e-9,
    "V_l": -70e-3,
    "a": 2e-9,
    "tau_w": 300e-3,
    "b": 60e-12,
    "V_rheo": -58e-3,
    "delta_t": 2e-3,
    "initial_inputs": {
      "w_in": [
        1.60e-09,
        16.0e-09
      ],
      "bias_in": 500e-12,
      "sigma": 3.0e-9
    }
  },
  "initial_burst": {
    "C": 130e-12,
    "g_l": 18e-9,
    "V_l": -58e-3,
    "a": 4e-9,
    "tau_w": 150e-3,
    "b": 120e-12,
    "V_rheo": -50e-3,
    "delta_t": 2e-3,
    "initial_inputs": {
      "w_in": [
        0.32000000000000003e-08,
        3.2000000000000003e-08
      ],
      "bias_in": 400e-12,
      "sigma": 3.0e-9
    }
  },
  "regular_burst": {
    "C": 200e-12,
    "g_l": 10e-9,
    "V_l": -58e-3,
    "a": 2e-9,
    "tau_w": 120e-3,
    "b": 100e-12,
    "V_rheo": -46e-3,
    "V_t": -50e-3,
    "delta_t": 2e-3,
    "initial_inputs": {
      "w_in": [
        0.32000000000000003e-08,
        3.2000000000000003e-08
      ],
      "bias_in": 210e-12,
      "sigma": 3.0e-9
    }
  },
  "delayed_accelerating": {
    "C": 200e-12,
    "g_l": 12e-9,
    "V_l": -70e-3,
    "a": -10e-9,
    "tau_w": 300e-3,
    "b": 0e-12,
    "V_rheo": -58e-3,
    "delta_t": 2e-3,
    "initial_inputs": {
      "w_in": [
        1.6e-09,
        16.0e-09
      ],
      "bias_in": 2.350007627876716e-11,
      "sigma": 3.0e-9
    }
  },
  "delayed_regular_bursting": {
    "C": 200e-12,
    "g_l": 12e-9,
    "V_l": -70e-3,
    "a": -6e-9,
    "tau_w": 300e-3,
    "b": 0e-12,
    "V_rheo": -58e-3,
    "delta_t": 2e-3,
    "initial_inputs": {
      "w_in": [
        1.60e-09,
        16.0e-09
      ],
      "bias_in": 110e-12,
      "sigma": 3.0e-9
    }
  },
  "transient_spiking": {
    "C": 100e-12,
    "g_l": 12e-9,
    "V_l": -60e-3,
    "a": -11e-9,
    "tau_w": 130e-3,
    "b": 30e-12,
    "V_rheo": -48e-3,
    "delta_t": 2e-3,
    "initial_inputs": {
      "w_in": 16.0e-09,
      "bias_in": 160e-12,
      "sigma": 3.0e-9
    }
  }
}